fasta_aa,pdb_aa,chain,pdb_position,fasta_position,mismatch
M,,,,1,0
S,,,,2,0
L,,,,3,0
P,,,,4,0
N,,,,5,0
S,,,,6,0
S,,,,7,0
C,,,,8,0
L,,,,9,0
L,,,,10,0
E,,,,11,0
D,,,,12,0
K,,,,13,0
M,,,,14,0
C,,,,15,0
E,,,,16,0
G,,,,17,0
N,,,,18,0
K,,,,19,0
T,,,,20,0
T,,,,21,0
M,,,,22,0
A,,,,23,0
S,,,,24,0
P,,,,25,0
Q,,,,26,0
L,,,,27,0
M,M,A,28,28,0
P,P,A,29,29,0
L,L,A,30,30,0
V,V,A,31,31,0
V,V,A,32,32,0
V,V,A,33,33,0
L,L,A,34,34,0
S,S,A,35,35,0
T,T,A,36,36,0
I,I,A,37,37,0
C,C,A,38,38,0
L,L,A,39,39,0
V,V,A,40,40,0
T,T,A,41,41,0
V,V,A,42,42,0
G,G,A,43,43,0
L,L,A,44,44,0
N,N,A,45,45,0
L,L,A,46,46,0
L,L,A,47,47,0
V,V,A,48,48,0
L,L,A,49,49,0
Y,Y,A,50,50,0
A,A,A,51,51,0
V,V,A,52,52,0
R,R,A,53,53,0
S,S,A,54,54,0
E,E,A,55,55,0
R,R,A,56,56,0
K,K,A,57,57,0
L,L,A,58,58,0
H,H,A,59,59,0
T,T,A,60,60,0
V,V,A,61,61,0
G,G,A,62,62,0
N,N,A,63,63,0
L,L,A,64,64,0
Y,Y,A,65,65,0
I,I,A,66,66,0
V,V,A,67,67,0
S,S,A,68,68,0
L,L,A,69,69,0
S,S,A,70,70,0
V,V,A,71,71,0
A,A,A,72,72,0
D,D,A,73,73,0
L,L,A,74,74,0
I,I,A,75,75,0
V,V,A,76,76,0
G,G,A,77,77,0
A,A,A,78,78,0
V,V,A,79,79,0
V,V,A,80,80,0
M,M,A,81,81,0
P,P,A,82,82,0
M,M,A,83,83,0
N,N,A,84,84,0
I,I,A,85,85,0
L,L,A,86,86,0
Y,Y,A,87,87,0
L,L,A,88,88,0
L,L,A,89,89,0
M,M,A,90,90,0
S,S,A,91,91,0
K,K,A,92,92,0
W,W,A,93,93,0
S,S,A,94,94,0
L,L,A,95,95,0
G,G,A,96,96,0
R,R,A,97,97,0
P,P,A,98,98,0
L,L,A,99,99,0
C,C,A,100,100,0
L,L,A,101,101,0
F,F,A,102,102,0
W,W,A,103,103,0
L,L,A,104,104,0
S,S,A,105,105,0
M,M,A,106,106,0
D,D,A,107,107,0
Y,Y,A,108,108,0
V,V,A,109,109,0
A,A,A,110,110,0
S,S,A,111,111,0
T,T,A,112,112,0
A,A,A,113,113,0
S,S,A,114,114,0
I,I,A,115,115,0
F,F,A,116,116,0
S,S,A,117,117,0
V,V,A,118,118,0
F,F,A,119,119,0
I,I,A,120,120,0
L,L,A,121,121,0
C,C,A,122,122,0
I,I,A,123,123,0
D,D,A,124,124,0
R,R,A,125,125,0
Y,Y,A,126,126,0
R,R,A,127,127,0
S,S,A,128,128,0
V,V,A,129,129,0
Q,Q,A,130,130,0
Q,Q,A,131,131,0
P,P,A,132,132,0
L,L,A,133,133,0
R,R,A,134,134,0
Y,Y,A,135,135,0
L,L,A,136,136,0
K,K,A,137,137,0
Y,Y,A,138,138,0
R,R,A,139,139,0
T,T,A,140,140,0
K,K,A,141,141,0
T,T,A,142,142,0
R,R,A,143,143,0
A,A,A,144,144,0
S,S,A,145,145,0
A,A,A,146,146,0
T,T,A,147,147,0
I,I,A,148,148,0
L,L,A,149,149,0
G,G,A,150,150,0
A,A,A,151,151,0
W,W,A,152,152,0
F,F,A,153,153,0
L,L,A,154,154,0
S,S,A,155,155,0
F,F,A,156,156,0
L,L,A,157,157,0
W,W,A,158,158,0
V,V,A,159,159,0
I,I,A,160,160,0
P,P,A,161,161,0
I,I,A,162,162,0
L,L,A,163,163,0
G,G,A,164,164,0
W,W,A,165,165,0
N,N,A,166,166,0
H,H,A,167,167,0
F,,,,168,0
M,,,,169,0
Q,,,,170,0
Q,,,,171,0
T,,,,172,0
S,,,,173,0
V,,,,174,0
R,R,A,175,175,0
R,R,A,176,176,0
E,E,A,177,177,0
D,D,A,178,178,0
K,K,A,179,179,0
C,C,A,180,180,0
E,E,A,181,181,0
T,T,A,182,182,0
D,D,A,183,183,0
F,F,A,184,184,0
Y,Y,A,185,185,0
D,D,A,186,186,0
V,V,A,187,187,0
T,T,A,188,188,0
W,W,A,189,189,0
F,F,A,190,190,0
K,K,A,191,191,0
V,V,A,192,192,0
M,M,A,193,193,0
T,T,A,194,194,0
A,A,A,195,195,0
I,I,A,196,196,0
I,I,A,197,197,0
N,N,A,198,198,0
F,F,A,199,199,0
Y,Y,A,200,200,0
L,L,A,201,201,0
P,P,A,202,202,0
T,T,A,203,203,0
L,L,A,204,204,0
L,L,A,205,205,0
M,M,A,206,206,0
L,L,A,207,207,0
W,W,A,208,208,0
F,F,A,209,209,0
Y,Y,A,210,210,0
A,A,A,211,211,0
K,K,A,212,212,0
I,I,A,213,213,0
Y,Y,A,214,214,0
K,K,A,215,215,0
A,A,A,216,216,0
V,V,A,217,217,0
R,R,A,218,218,0
Q,Q,A,219,219,0
H,H,A,220,220,0
C,C,A,221,221,0
Q,N,A,1002,222,1
H,I,A,1003,223,1
R,F,A,1004,224,1
E,E,A,1005,225,0
L,M,A,1006,226,1
I,,,,227,0
N,,,,228,0
R,,,,229,0
S,,,,230,0
L,,,,231,0
P,,,,232,0
S,,,,233,0
F,,,,234,0
S,,,,235,0
E,,,,236,0
I,,,,237,0
K,,,,238,0
L,L,A,1007,239,0
R,R,A,1008,240,0
P,I,A,1009,241,1
E,D,A,1010,242,1
N,E,A,1011,243,1
P,G,A,1012,244,1
K,L,A,1013,245,1
G,R,A,1014,246,1
D,L,A,1015,247,1
A,K,A,1016,248,1
K,I,A,1017,249,1
K,Y,A,1018,250,1
P,K,A,1019,251,1
G,D,A,1020,252,1
K,T,A,1021,253,1
E,E,A,1022,254,0
S,G,A,1023,255,1
P,Y,A,1024,256,1
W,Y,A,1025,257,1
E,T,A,1026,258,1
V,I,A,1027,259,1
L,,,,260,0
K,,,,261,0
R,,,,262,0
K,,,,263,0
P,,,,264,0
K,,,,265,0
D,,,,266,0
A,,,,267,0
G,G,A,1028,268,0
G,I,A,1029,269,1
G,G,A,1030,270,0
S,H,A,1031,271,1
V,L,A,1032,272,1
L,L,A,1033,273,0
,T,A,1034,,0
K,K,A,1035,274,0
S,S,A,1036,275,0
P,P,A,1037,276,0
S,S,A,1038,277,0
Q,L,A,1039,278,1
T,N,A,1040,279,1
P,A,A,1041,280,1
K,A,A,1042,281,1
E,K,A,1043,282,1
M,S,A,1044,283,1
K,E,A,1045,284,1
S,L,A,1046,285,1
P,D,A,1047,286,1
V,K,A,1048,287,1
V,A,A,1049,288,1
F,I,A,1050,289,1
S,G,A,1051,290,1
Q,R,A,1052,291,1
E,N,A,1053,292,1
D,T,A,1054,293,1
D,N,A,1055,294,1
R,G,A,1056,295,1
E,V,A,1057,296,1
V,I,A,1058,297,1
D,T,A,1059,298,1
K,K,A,1060,299,0
L,D,A,1061,300,1
Y,E,A,1062,301,1
C,A,A,1063,302,1
F,E,A,1064,303,1
P,K,A,1065,304,1
L,L,A,1066,305,0
D,F,A,1067,306,1
I,N,A,1068,307,1
V,Q,A,1069,308,1
H,D,A,1070,309,1
M,V,A,1071,310,1
Q,D,A,1072,311,1
A,A,A,1073,312,0
A,A,A,1074,313,0
A,V,A,1075,314,1
E,R,A,1076,315,1
G,G,A,1077,316,0
S,I,A,1078,317,1
S,L,A,1079,318,1
R,R,A,1080,319,0
D,N,A,1081,320,1
Y,,,,321,0
V,A,A,1082,322,1
A,K,A,1083,323,1
V,L,A,1084,324,1
N,K,A,1085,325,1
R,P,A,1086,326,1
S,V,A,1087,327,1
H,Y,A,1088,328,1
G,D,A,1089,329,1
Q,S,A,1090,330,1
L,L,A,1091,331,0
K,D,A,1092,332,1
T,A,A,1093,333,1
D,V,A,1094,334,1
E,R,A,1095,335,1
Q,R,A,1096,336,1
G,A,A,1097,337,1
L,A,A,1098,338,1
N,L,A,1099,339,1
T,I,A,1100,340,1
H,N,A,1101,341,1
G,M,A,1102,342,1
A,V,A,1103,343,1
S,F,A,1104,344,1
E,Q,A,1105,345,1
I,M,A,1106,346,1
S,G,A,1107,347,1
E,E,A,1108,348,0
D,T,A,1109,349,1
Q,G,A,1110,350,1
M,V,A,1111,351,1
L,A,A,1112,352,1
G,G,A,1113,353,0
D,F,A,1114,354,1
S,T,A,1115,355,1
Q,N,A,1116,356,1
S,S,A,1117,357,0
F,L,A,1118,358,1
S,R,A,1119,359,1
R,M,A,1120,360,1
T,L,A,1121,361,1
D,Q,A,1122,362,1
S,Q,A,1123,363,1
D,K,A,1124,364,1
T,R,A,1125,365,1
T,W,A,1126,366,1
T,D,A,1127,367,1
E,E,A,1128,368,0
T,A,A,1129,369,1
A,A,A,1130,370,0
P,V,A,1131,371,1
G,N,A,1132,372,1
K,L,A,1133,373,1
G,A,A,1134,374,1
K,K,A,1135,375,0
L,S,A,1136,376,1
R,R,A,1137,377,0
S,W,A,1138,378,1
G,Y,A,1139,379,1
S,N,A,1140,380,1
N,Q,A,1141,381,1
T,T,A,1142,382,0
G,P,A,1143,383,1
L,,,,384,0
D,N,A,1144,385,1
Y,R,A,1145,386,1
I,A,A,1146,387,1
K,K,A,1147,388,0
F,R,A,1148,389,1
T,V,A,1149,390,1
W,I,A,1150,391,1
K,T,A,1151,392,1
R,T,A,1152,393,1
L,F,A,1153,394,1
R,R,A,1154,395,0
S,T,A,1155,396,1
H,G,A,1156,397,1
S,T,A,1157,398,1
R,,,,399,0
Q,,,,400,0
Y,W,A,1158,401,1
V,D,A,1159,402,1
S,A,A,1160,403,1
G,Y,A,1161,404,1
L,L,A,405,405,0
H,H,A,406,406,0
M,M,A,407,407,0
N,N,A,408,408,0
R,R,A,409,409,0
E,E,A,410,410,0
R,R,A,411,411,0
K,K,A,412,412,0
A,A,A,413,413,0
A,A,A,414,414,0
K,K,A,415,415,0
Q,Q,A,416,416,0
L,L,A,417,417,0
G,G,A,418,418,0
F,F,A,419,419,0
I,I,A,420,420,0
M,M,A,421,421,0
A,A,A,422,422,0
A,A,A,423,423,0
F,F,A,424,424,0
I,I,A,425,425,0
L,L,A,426,426,0
C,C,A,427,427,0
W,W,A,428,428,0
I,I,A,429,429,0
P,P,A,430,430,0
Y,Y,A,431,431,0
F,F,A,432,432,0
I,I,A,433,433,0
F,F,A,434,434,0
F,F,A,435,435,0
M,M,A,436,436,0
V,V,A,437,437,0
I,I,A,438,438,0
A,A,A,439,439,0
F,F,A,440,440,0
C,C,A,441,441,0
K,K,A,442,442,0
N,N,A,443,443,0
C,C,A,444,444,0
C,C,A,445,445,0
N,N,A,446,446,0
E,E,A,447,447,0
H,H,A,448,448,0
L,L,A,449,449,0
H,H,A,450,450,0
M,M,A,451,451,0
F,F,A,452,452,0
T,T,A,453,453,0
I,I,A,454,454,0
W,W,A,455,455,0
L,L,A,456,456,0
G,G,A,457,457,0
Y,Y,A,458,458,0
I,I,A,459,459,0
N,N,A,460,460,0
S,S,A,461,461,0
T,T,A,462,462,0
L,L,A,463,463,0
N,N,A,464,464,0
P,P,A,465,465,0
L,L,A,466,466,0
I,I,A,467,467,0
Y,Y,A,468,468,0
P,P,A,469,469,0
L,L,A,470,470,0
C,C,A,471,471,0
N,N,A,472,472,0
E,E,A,473,473,0
N,N,A,474,474,0
F,F,A,475,475,0
K,K,A,476,476,0
K,K,A,477,477,0
T,T,A,478,478,0
F,F,A,479,479,0
K,K,A,480,480,0
R,R,A,481,481,0
I,I,A,482,482,0
L,L,A,483,483,0
H,H,A,484,484,0
I,I,A,485,485,0
R,,,,486,0
S,,,,487,0
