aln_position,pdb_position,pdb_aa,chain
1,,,
2,,,
3,,,
4,,,
5,,,
6,,,
7,,,
8,,,
9,,,
10,,,
11,,,
12,,,
13,,,
14,,,
15,,,
16,,,
17,,,
18,,,
19,,,
20,,,
21,,,
22,,,
23,,,
24,,,
25,,,
26,,,
27,,,
28,,,
29,,,
30,,,
31,,,
32,,,
33,,,
34,,,
35,,,
36,,,
37,,,
38,,,
39,28,M,A
40,29,P,A
41,30,L,A
42,31,V,A
43,32,V,A
44,33,V,A
45,34,L,A
46,35,S,A
47,36,T,A
48,37,I,A
49,38,C,A
50,39,L,A
51,40,V,A
52,41,T,A
53,42,V,A
54,43,G,A
55,44,L,A
56,45,N,A
57,46,L,A
58,47,L,A
59,48,V,A
60,49,L,A
61,50,Y,A
62,51,A,A
63,52,V,A
64,53,R,A
65,54,S,A
66,55,E,A
67,56,R,A
68,57,K,A
69,58,L,A
70,59,H,A
71,60,T,A
72,61,V,A
73,62,G,A
74,63,N,A
75,64,L,A
76,65,Y,A
77,66,I,A
78,67,V,A
79,68,S,A
80,69,L,A
81,70,S,A
82,71,V,A
83,72,A,A
84,73,D,A
85,74,L,A
86,75,I,A
87,76,V,A
88,77,G,A
89,78,A,A
90,79,V,A
91,80,V,A
92,81,M,A
93,82,P,A
94,83,M,A
95,84,N,A
96,85,I,A
97,86,L,A
98,87,Y,A
99,88,L,A
100,89,L,A
101,90,M,A
102,91,S,A
103,92,K,A
104,93,W,A
105,94,S,A
106,95,L,A
107,96,G,A
108,97,R,A
109,98,P,A
110,99,L,A
111,100,C,A
112,101,L,A
113,102,F,A
114,103,W,A
115,104,L,A
116,105,S,A
117,106,M,A
118,107,D,A
119,108,Y,A
120,109,V,A
121,110,A,A
122,111,S,A
123,112,T,A
124,113,A,A
125,114,S,A
126,115,I,A
127,116,F,A
128,117,S,A
129,118,V,A
130,119,F,A
131,120,I,A
132,121,L,A
133,122,C,A
134,123,I,A
135,124,D,A
136,125,R,A
137,126,Y,A
138,127,R,A
139,128,S,A
140,129,V,A
141,130,Q,A
142,131,Q,A
143,132,P,A
144,133,L,A
145,134,R,A
146,135,Y,A
147,136,L,A
148,137,K,A
149,138,Y,A
150,139,R,A
151,140,T,A
152,141,K,A
153,142,T,A
154,143,R,A
155,144,A,A
156,145,S,A
157,146,A,A
158,147,T,A
159,148,I,A
160,149,L,A
161,150,G,A
162,151,A,A
163,152,W,A
164,153,F,A
165,154,L,A
166,155,S,A
167,156,F,A
168,157,L,A
169,158,W,A
170,159,V,A
171,160,I,A
172,161,P,A
173,162,I,A
174,163,L,A
175,164,G,A
176,165,W,A
177,166,N,A
178,167,H,A
179,,,
180,,,
181,,,
182,,,
183,,,
184,,,
185,,,
186,175,R,A
187,176,R,A
188,177,E,A
189,178,D,A
190,179,K,A
191,180,C,A
192,181,E,A
193,182,T,A
194,183,D,A
195,184,F,A
196,185,Y,A
197,186,D,A
198,187,V,A
199,188,T,A
200,189,W,A
201,190,F,A
202,191,K,A
203,192,V,A
204,193,M,A
205,194,T,A
206,195,A,A
207,196,I,A
208,197,I,A
209,198,N,A
210,199,F,A
211,200,Y,A
212,201,L,A
213,202,P,A
214,203,T,A
215,204,L,A
216,205,L,A
217,206,M,A
218,207,L,A
219,208,W,A
220,209,F,A
221,210,Y,A
222,211,A,A
223,212,K,A
224,213,I,A
225,214,Y,A
226,215,K,A
227,216,A,A
228,217,V,A
229,218,R,A
230,219,Q,A
231,220,H,A
232,221,C,A
233,,,
234,,,
235,,,
236,,,
237,,,
238,,,
239,,,
240,,,
241,,,
242,,,
243,,,
244,,,
245,,,
246,,,
247,,,
248,,,
249,,,
250,,,
251,,,
252,,,
253,,,
254,,,
255,,,
256,,,
257,,,
258,,,
259,,,
260,,,
261,,,
262,,,
263,,,
264,,,
265,,,
266,,,
267,,,
268,,,
269,,,
270,,,
271,,,
272,,,
273,,,
274,,,
275,,,
276,,,
277,,,
278,,,
279,,,
280,,,
281,,,
282,,,
283,,,
284,,,
285,,,
286,,,
287,,,
288,,,
289,,,
290,,,
291,,,
292,,,
293,,,
294,,,
295,,,
296,,,
297,,,
298,,,
299,,,
300,,,
301,,,
302,,,
303,,,
304,,,
305,,,
306,,,
307,,,
308,,,
309,,,
310,,,
311,,,
312,,,
313,,,
314,,,
315,,,
316,,,
317,,,
318,,,
319,,,
320,,,
321,,,
322,,,
323,,,
324,,,
325,,,
326,,,
327,,,
328,,,
329,,,
330,,,
331,,,
332,,,
333,,,
334,,,
335,,,
336,,,
337,,,
338,,,
339,,,
340,,,
341,,,
342,,,
343,,,
344,,,
345,,,
346,,,
347,,,
348,,,
349,,,
350,,,
351,,,
352,,,
353,,,
354,,,
355,,,
356,,,
357,,,
358,,,
359,,,
360,,,
361,,,
362,,,
363,,,
364,,,
365,,,
366,,,
367,,,
368,,,
369,,,
370,,,
371,,,
372,,,
373,,,
374,,,
375,,,
376,,,
377,,,
378,,,
379,,,
380,,,
381,,,
382,,,
383,,,
384,,,
385,,,
386,,,
387,,,
388,,,
389,,,
390,,,
391,,,
392,,,
393,,,
394,,,
395,,,
396,,,
397,,,
398,,,
399,,,
400,,,
401,,,
402,,,
403,,,
404,,,
405,,,
406,,,
407,,,
408,,,
409,,,
410,,,
411,,,
412,,,
413,,,
414,,,
415,,,
416,,,
417,,,
418,,,
419,,,
420,,,
421,,,
422,,,
423,,,
424,,,
425,405,L,A
426,406,H,A
427,407,M,A
428,408,N,A
429,409,R,A
430,410,E,A
431,411,R,A
432,412,K,A
433,413,A,A
434,414,A,A
435,415,K,A
436,416,Q,A
437,417,L,A
438,418,G,A
439,419,F,A
440,420,I,A
441,421,M,A
442,422,A,A
443,423,A,A
444,424,F,A
445,425,I,A
446,426,L,A
447,427,C,A
448,428,W,A
449,429,I,A
450,430,P,A
451,431,Y,A
452,432,F,A
453,433,I,A
454,434,F,A
455,435,F,A
456,436,M,A
457,437,V,A
458,438,I,A
459,439,A,A
460,440,F,A
461,441,C,A
462,442,K,A
463,443,N,A
464,444,C,A
465,445,C,A
466,446,N,A
467,447,E,A
468,448,H,A
469,449,L,A
470,450,H,A
471,451,M,A
472,452,F,A
473,453,T,A
474,454,I,A
475,455,W,A
476,456,L,A
477,457,G,A
478,458,Y,A
479,459,I,A
480,460,N,A
481,461,S,A
482,462,T,A
483,463,L,A
484,464,N,A
485,465,P,A
486,466,L,A
487,467,I,A
488,468,Y,A
489,469,P,A
490,470,L,A
491,471,C,A
492,472,N,A
493,473,E,A
494,474,N,A
495,475,F,A
496,476,K,A
497,477,K,A
498,478,T,A
499,479,F,A
500,480,K,A
501,481,R,A
502,482,I,A
503,483,L,A
504,484,H,A
505,485,I,A
506,,,
507,,,
